{
  "label": "My Bitcoin Wallet",
  "archived": false,
  "xpriv": "xprv9yL1ousLjQQzGNBAYykaT8J3U626NV6zbLYkRv8rvUDpY4f1RnrvAXQneGXC9UNuNvGXX4j6oHBK5KiV2hKevRxY5ntis212oxjEL11ysuG",
  "xpub": "xpub6CKNDRQEZmyHUrFdf1HapGEn27ramwpqxZUMEJYUUokoQrz9yLBAiKjGVWDuiCT39udj1r3whqQN89Tar5KrojH8oqSy7ytzJKW8gwmhwD3",
  "address_labels": [
    {
      "index": 0,
      "label": "labeled_address"
    }
  ],
  "cache": {
    "receiveAccount": "xpub6F41z8MqNcJMvKQgAd5QE2QYo32cocYigWp1D8726ykMmaMqvtqLkvuL1NqGuUJvU3aWyJaV2J4V6sD7Pv59J3tYGZdYRSx8gU7EG8ZuPSY",
    "changeAccount": "xpub6F41z8MqNcJMwmeUExdCv7UXvYBEgQB29SWq9jyxuZ7WefmSTWcwXB6NRAJkGCkB3L1Eu4ttzWnPVKZ6REissrQ4i6p8gTi9j5YwDLxmZ8p"
  }
}
