{
  "guid": "50dae286-e42e-4d67-8419-d5dcc563746c",
  "sharedKey": "8a260b2b-5257-4357-ac56-7a7efca323ea",
  "double_encryption": true,
  "dpasswordhash": "4fa9d2a319006bda8f2ef8415af8c701014f1c4df54f8bbbb9724892abd87421",
  "metadataHDNode": "xprv9tygGQP8be7uzNm5Czuy41juTK9pUKnWyZtDxgbmSEcCYa9VdvvtSknEyiKitqqm2TMv14NjXPQ68XLwSdH6Scc5GwXoZ31yRZZysxhVGU7",
  "options": {
    "pbkdf2_iterations": 5000,
    "fee_per_kb": 10000,
    "html5_notifications": false,
    "logout_time": 600000
  },
  "address_book": [],
  "tx_notes": {},
  "tx_names": [],
  "keys": [
    {
      "addr": "19XmKRY66VnUn5irHAafyoTfiwFuGLUxKF",
      "priv": "ofuAPRjXETbAPACA7qY/wD9aG/xh5XvyZDSxmfqohDdnbFDKXTV87GFfp/55iTU39wXy63qvQP96bdJOBvlAQg==",
      "tag": 0,
      "label": "",
      "created_time": 1492721419269,
      "created_device_name": "javascript_web",
      "created_device_version": "3.0"
    },
    {
      "addr": "14mQxLtEagsS8gYsdWJbzthFFuPDqDgtxQ",
      "priv": "4MvCwhdK+VxatwL3bbbsrURdjaFisAdUJFfVHiOeEARCrNv2FEevVYcxidNEAuuGpysQzmPME/yQm59+GF7xzg==",
      "tag": 0,
      "label": "labeled_imported",
      "created_time": 1492721432222,
      "created_device_name": "javascript_web",
      "created_device_version": "3.0"
    },
    {
      "addr": "1JD73aGSdeqKUjJ4ntP4eCyUiuZ3ogJE1u",
      "priv": null,
      "tag": 0,
      "label": "",
      "created_time": 1492721461228,
      "created_device_name": "javascript_web",
      "created_device_version": "3.0"
    }
  ],
  "hd_wallets": [
    {
      "seed_hex": "YSxSY3q6gfjrmVoRg8GbJU9gyqFFQxitGEmxBKbmE40av+Daa/WIBQf2yguYlrEKPd5O2fgrJVmw9Otf2iVH5w==",
      "passphrase": "",
      "mnemonic_verified": false,
      "default_account_idx": 0,
      "accounts": [
        {
          "label": "My Bitcoin Wallet",
          "archived": false,
          "xpriv": "G1XRCumvdvM10xN1n9ub2JNyk3PphNhoYGQsVKnFi7tKmaDpQVaBmLX4XTWMkFENIGGmKd4PCxwZr6g1RC6RWJFWyXcAs+17DQdv7ZqdiKkj8p0Td3mEM/Ta41KYyxJdjlrT1FyW4HpH0AGejy4rJI43nHlxjpDl0rldP58eaEE=",
          "xpub": "xpub6CKNDRQEZmyHUrFdf1HapGEn27ramwpqxZUMEJYUUokoQrz9yLBAiKjGVWDuiCT39udj1r3whqQN89Tar5KrojH8oqSy7ytzJKW8gwmhwD3",
          "address_labels": [
            {
              "index": 0,
              "label": "labeled_address"
            }
          ],
          "cache": {
            "receiveAccount": "xpub6F41z8MqNcJMvKQgAd5QE2QYo32cocYigWp1D8726ykMmaMqvtqLkvuL1NqGuUJvU3aWyJaV2J4V6sD7Pv59J3tYGZdYRSx8gU7EG8ZuPSY",
            "changeAccount": "xpub6F41z8MqNcJMwmeUExdCv7UXvYBEgQB29SWq9jyxuZ7WefmSTWcwXB6NRAJkGCkB3L1Eu4ttzWnPVKZ6REissrQ4i6p8gTi9j5YwDLxmZ8p"
          }
        }
      ]
    }
  ]
}
